{
	"credit": "Made with Blockbench",
	"texture_size": [64, 64],
	"textures": {
		"0": "custom/cockpit1",
		"particle": "custom/cockpit1"
	},
	"elements": [
		{
			"name": "TOP",
			"from": [0.5, 16, 0],
			"to": [15.5, 16, 14],
			"faces": {
				"north": {"uv": [0, 0, 4, 0], "texture": "#0"},
				"east": {"uv": [0, 0, 4, 0], "texture": "#0"},
				"south": {"uv": [0, 0, 4, 0], "texture": "#0"},
				"west": {"uv": [0, 0, 4, 0], "texture": "#0"},
				"down": {"uv": [7.25, 0, 3.5, 3.5], "texture": "#0"}
			}
		},
		{
			"name": "FRONT",
			"from": [0.5, 0, 0],
			"to": [15.5, 16, 0],
			"faces": {
				"south": {"uv": [3.5, 3.5, 7.25, 7.5], "texture": "#0"}
			}
		},
		{
			"name": "LEFT",
			"from": [0.5, 0, 0],
			"to": [0.5, 16, 14],
			"faces": {
				"east": {"uv": [0, 3.5, 3.5, 7.5], "texture": "#0"}
			}
		},
		{
			"name": "RIGHT",
			"from": [15.5, 0, 0],
			"to": [15.5, 16, 14],
			"rotation": {"angle": 0, "axis": "y", "origin": [16, 0, 0]},
			"faces": {
				"west": {"uv": [3.5, 3.5, 0, 7.5], "texture": "#0"}
			}
		},
		{
			"name": "BACK",
			"from": [0.5, 0, 14],
			"to": [15.5, 16, 14],
			"faces": {
				"north": {"uv": [7.25, 3.5, 11, 7.5], "texture": "#0"}
			}
		},
		{
			"name": "BOTTOM",
			"from": [0.5, 0, 0],
			"to": [15.5, 0, 14],
			"faces": {
				"up": {"uv": [7.25, 11, 3.5, 7.5], "texture": "#0"}
			}
		}
	],
	"groups": [
		{
			"name": "Walls",
			"origin": [0, 0, 0],
			"color": 0,
			"children": [0, 1, 2, 3, 4, 5]
		}
	]
}