{
	"credit": "Made with Blockbench",
	"texture_size": [128, 128],
	"textures": {
		"0": "custom/zaku1",
		"particle": "custom/zaku1"
	},
	"elements": [
		{
			"from": [4, 5.5, 5],
			"to": [9, 10.5, 11],
			"rotation": {"angle": 0, "axis": "y", "origin": [7, 7.5, 8]},
			"faces": {
				"north": {"uv": [5.25, 0.75, 5.875, 1.375], "texture": "#0"},
				"east": {"uv": [4.5, 0.75, 5.25, 1.375], "texture": "#0"},
				"south": {"uv": [6.625, 0.75, 7.25, 1.375], "texture": "#0"},
				"west": {"uv": [5.875, 0.75, 6.625, 1.375], "texture": "#0"},
				"up": {"uv": [5.875, 0.75, 5.25, 0], "texture": "#0"},
				"down": {"uv": [6.5, 0, 5.875, 0.75], "texture": "#0"}
			}
		},
		{
			"from": [5.5, 4, 6.5],
			"to": [8.5, 9, 9.5],
			"rotation": {"angle": 0, "axis": "y", "origin": [7, 7.5, 8]},
			"faces": {
				"north": {"uv": [4.875, 2.875, 5.25, 3.5], "texture": "#0"},
				"east": {"uv": [4.5, 2.875, 4.875, 3.5], "texture": "#0"},
				"south": {"uv": [5.625, 2.875, 6, 3.5], "texture": "#0"},
				"west": {"uv": [5.25, 2.875, 5.625, 3.5], "texture": "#0"},
				"up": {"uv": [5.25, 2.875, 4.875, 2.5], "texture": "#0"},
				"down": {"uv": [5.625, 2.5, 5.25, 2.875], "texture": "#0"}
			}
		},
		{
			"from": [5.5, 1.3033, 5.01041],
			"to": [8.5, 4.3033, 8.01041],
			"rotation": {"angle": 45, "axis": "x", "origin": [-1, 3, 0]},
			"faces": {
				"north": {"uv": [6.875, 0.375, 7.25, 0.75], "texture": "#0"},
				"east": {"uv": [6.5, 0.375, 6.875, 0.75], "texture": "#0"},
				"south": {"uv": [7.625, 0.375, 8, 0.75], "texture": "#0"},
				"west": {"uv": [7.25, 0.375, 7.625, 0.75], "texture": "#0"},
				"up": {"uv": [7.25, 0.375, 6.875, 0], "texture": "#0"},
				"down": {"uv": [7.625, 0, 7.25, 0.375], "texture": "#0"}
			}
		},
		{
			"from": [5, 3.8033, 4.51041],
			"to": [9, 9.8033, 8.51041],
			"rotation": {"angle": 45, "axis": "x", "origin": [-1, 3, 0]},
			"faces": {
				"north": {"uv": [6.25, 4.125, 6.75, 4.875], "texture": "#0"},
				"east": {"uv": [5.75, 4.125, 6.25, 4.875], "texture": "#0"},
				"south": {"uv": [7.25, 4.125, 7.75, 4.875], "texture": "#0"},
				"west": {"uv": [6.75, 4.125, 7.25, 4.875], "texture": "#0"},
				"up": {"uv": [6.75, 4.125, 6.25, 3.625], "texture": "#0"},
				"down": {"uv": [7.25, 3.625, 6.75, 4.125], "texture": "#0"}
			}
		},
		{
			"from": [6, 3, 6.5],
			"to": [8, 4, 9.5],
			"rotation": {"angle": 0, "axis": "y", "origin": [7, 7.5, 8]},
			"faces": {
				"north": {"uv": [1.75, 3.875, 2, 4], "texture": "#0"},
				"east": {"uv": [1.375, 3.875, 1.75, 4], "texture": "#0"},
				"south": {"uv": [2.375, 3.875, 2.625, 4], "texture": "#0"},
				"west": {"uv": [2, 3.875, 2.375, 4], "texture": "#0"},
				"up": {"uv": [2, 3.875, 1.75, 3.5], "texture": "#0"},
				"down": {"uv": [2.25, 3.5, 2, 3.875], "texture": "#0"}
			}
		},
		{
			"from": [5, 7.5, 10.5],
			"to": [7, 9.5, 12.5],
			"rotation": {"angle": 0, "axis": "y", "origin": [-7, 26, 0]},
			"faces": {
				"north": {"uv": [5.5, 6.75, 5.75, 7], "texture": "#0"},
				"east": {"uv": [5.25, 6.75, 5.5, 7], "texture": "#0"},
				"south": {"uv": [6, 6.75, 6.25, 7], "texture": "#0"},
				"west": {"uv": [5.75, 6.75, 6, 7], "texture": "#0"},
				"up": {"uv": [5.75, 6.75, 5.5, 6.5], "texture": "#0"},
				"down": {"uv": [6, 6.5, 5.75, 6.75], "texture": "#0"}
			}
		},
		{
			"from": [3, 9.5, 7],
			"to": [5, 11.5, 9],
			"rotation": {"angle": 0, "axis": "y", "origin": [-7, 26, 0]},
			"faces": {
				"north": {"uv": [4.5, 6.75, 4.75, 7], "texture": "#0"},
				"east": {"uv": [4.25, 6.75, 4.5, 7], "texture": "#0"},
				"south": {"uv": [5, 6.75, 5.25, 7], "texture": "#0"},
				"west": {"uv": [4.75, 6.75, 5, 7], "texture": "#0"},
				"up": {"uv": [4.75, 6.75, 4.5, 6.5], "texture": "#0"},
				"down": {"uv": [5, 6.5, 4.75, 6.75], "texture": "#0"}
			}
		},
		{
			"from": [5, 7.5, 3.5],
			"to": [7, 9.5, 5.5],
			"rotation": {"angle": 0, "axis": "y", "origin": [-7, 26, 0]},
			"faces": {
				"north": {"uv": [3.5, 6.75, 3.75, 7], "texture": "#0"},
				"east": {"uv": [3.25, 6.75, 3.5, 7], "texture": "#0"},
				"south": {"uv": [4, 6.75, 4.25, 7], "texture": "#0"},
				"west": {"uv": [3.75, 6.75, 4, 7], "texture": "#0"},
				"up": {"uv": [3.75, 6.75, 3.5, 6.5], "texture": "#0"},
				"down": {"uv": [4, 6.5, 3.75, 6.75], "texture": "#0"}
			}
		}
	],
	"groups": [
		{
			"name": "LeftArm",
			"origin": [-1, 8, 0],
			"color": 0,
			"children": [
				{
					"name": "LeftShoulderPad",
					"origin": [-1, 8, 0],
					"color": 0,
					"children": [0]
				},
				1,
				{
					"name": "LeftForearm",
					"origin": [-1, 3, 0],
					"rotation": [45, 0, 0],
					"color": 0,
					"children": [2, 3]
				},
				4,
				5,
				6,
				7
			]
		}
	]
}