{
 "parent": "item/generated",
 "textures": {
 "layer0": "item/lime_dye"
 },
 
 "overrides": [
 {"predicate": {"custom_model_data":1}, "model": "custom/zaku1body"},
 {"predicate": {"custom_model_data":2}, "model": "custom/zaku1leftleg"},
 {"predicate": {"custom_model_data":3}, "model": "custom/zaku1rightleg"},
 {"predicate": {"custom_model_data":4}, "model": "custom/zaku1leftarm"},
 {"predicate": {"custom_model_data":5}, "model": "custom/zaku1rightarm"},
 {"predicate": {"custom_model_data":6}, "model": "custom/zaku1head"}
 ]
}