{
	"credit": "Made with Blockbench",
	"texture_size": [64, 64],
	"textures": {
		"1": "custom/cockpit1"
	},
	"elements": [
		{
			"name": "TOP",
			"from": [0.5, 16, 0.5],
			"to": [15.5, 16, 14.5],
			"rotation": {"angle": 0, "axis": "y", "origin": [0, 0, 0.5]},
			"faces": {
				"north": {"uv": [0, 0, 3.75, 0], "texture": "#1"},
				"east": {"uv": [0, 0, 3.5, 0], "texture": "#1"},
				"south": {"uv": [0, 0, 3.75, 0], "texture": "#1"},
				"west": {"uv": [0, 0, 3.5, 0], "texture": "#1"},
				"down": {"uv": [3.75, 4, 0, 7.5], "texture": "#1"}
			}
		},
		{
			"name": "FRONT",
			"from": [3.5, 0, 0.5],
			"to": [12.5, 16, 0.5],
			"rotation": {"angle": 0, "axis": "y", "origin": [2.5, 0, 0.5]},
			"faces": {
				"south": {"uv": [0, 7.5, 2.25, 11.5], "texture": "#1"}
			}
		},
		{
			"name": "LEFT",
			"from": [3.5, 0, 0.5],
			"to": [3.5, 16, 8.5],
			"rotation": {"angle": -22.5, "axis": "y", "origin": [3.501, 0, 0.5]},
			"faces": {
				"east": {"uv": [3.75, 0, 5.75, 4], "texture": "#1"}
			}
		},
		{
			"name": "RIGHT",
			"from": [12.5, 0, 0.5],
			"to": [12.5, 16, 8.5],
			"rotation": {"angle": 22.5, "axis": "y", "origin": [12.499, 0, 0.5]},
			"faces": {
				"west": {"uv": [5.75, 0, 3.75, 4], "texture": "#1"}
			}
		},
		{
			"name": "BOTTOM",
			"from": [0.5, 0, 0.5],
			"to": [15.5, 0, 12.5],
			"rotation": {"angle": 0, "axis": "y", "origin": [0, 0, 0.5]},
			"faces": {
				"up": {"uv": [7.5, 7.5, 3.75, 4.5], "texture": "#1"}
			}
		},
		{
			"name": "BACK",
			"from": [15.5, 0, 7.5],
			"to": [0.5, 16, 12.5],
			"rotation": {"angle": 0, "axis": "y", "origin": [15.5, 0, 7.5]},
			"faces": {
				"east": {"uv": [5.75, 0, 7, 4], "texture": "#1"},
				"south": {"uv": [0, 0, 3.75, 4], "texture": "#1"},
				"west": {"uv": [2.25, 7.5, 3.5, 11.5], "texture": "#1"}
			}
		},
		{
			"from": [6, 8, 11],
			"to": [10, 12, 13],
			"rotation": {"angle": 0, "axis": "y", "origin": [7.69317, 5.5, 6.48568]},
			"faces": {
				"north": {"uv": [4.5, 12, 5.5, 13], "texture": "#1"},
				"east": {"uv": [4, 12, 4.5, 13], "texture": "#1"},
				"south": {"uv": [6, 12, 7, 13], "texture": "#1"},
				"west": {"uv": [5.5, 12, 6, 13], "texture": "#1"},
				"up": {"uv": [5.5, 12, 4.5, 11.5], "texture": "#1"},
				"down": {"uv": [6.5, 11.5, 5.5, 12], "texture": "#1"}
			}
		},
		{
			"from": [5, 0, 6],
			"to": [11, 2, 13],
			"rotation": {"angle": 0, "axis": "y", "origin": [7.69317, 5.5, 6.48568]},
			"faces": {
				"north": {"uv": [1.75, 15.5, 3.25, 16], "texture": "#1"},
				"east": {"uv": [0, 15.5, 1.75, 16], "texture": "#1"},
				"south": {"uv": [5, 15.5, 6.5, 16], "texture": "#1"},
				"west": {"uv": [3.25, 15.5, 5, 16], "texture": "#1"},
				"up": {"uv": [3.25, 15.5, 1.75, 13.75], "texture": "#1"},
				"down": {"uv": [4.75, 13.75, 3.25, 15.5], "texture": "#1"}
			}
		},
		{
			"from": [5, 2, 11],
			"to": [11, 8, 13],
			"rotation": {"angle": 0, "axis": "y", "origin": [7.69317, 5.5, 6.48568]},
			"faces": {
				"north": {"uv": [0.5, 12, 2, 13.5], "texture": "#1"},
				"east": {"uv": [0, 12, 0.5, 13.5], "texture": "#1"},
				"south": {"uv": [2.5, 12, 4, 13.5], "texture": "#1"},
				"west": {"uv": [2, 12, 2.5, 13.5], "texture": "#1"},
				"up": {"uv": [2, 12, 0.5, 11.5], "texture": "#1"},
				"down": {"uv": [3.5, 11.5, 2, 12], "texture": "#1"}
			}
		},
		{
			"from": [2.89321, 1.50952, 5],
			"to": [5.89321, 3.50952, 11],
			"rotation": {"angle": -22.5, "axis": "z", "origin": [7.69317, 5.5, 6.48568]},
			"faces": {
				"north": {"uv": [13.75, 3.5, 13, 4], "texture": "#1"},
				"east": {"uv": [15.25, 3.5, 13.75, 4], "texture": "#1"},
				"south": {"uv": [16, 3.5, 15.25, 4], "texture": "#1"},
				"west": {"uv": [13, 3.5, 11.5, 4], "texture": "#1"},
				"up": {"uv": [13, 3.5, 13.75, 2], "texture": "#1"},
				"down": {"uv": [13.75, 2, 14.5, 3.5], "texture": "#1"}
			}
		},
		{
			"from": [10.10679, 1.50952, 5],
			"to": [13.10679, 3.50952, 11],
			"rotation": {"angle": 22.5, "axis": "z", "origin": [8.30683, 5.5, 6.48568]},
			"faces": {
				"north": {"uv": [13, 3.5, 13.75, 4], "texture": "#1"},
				"east": {"uv": [11.5, 3.5, 13, 4], "texture": "#1"},
				"south": {"uv": [15.25, 3.5, 16, 4], "texture": "#1"},
				"west": {"uv": [13.75, 3.5, 15.25, 4], "texture": "#1"},
				"up": {"uv": [13.75, 3.5, 13, 2], "texture": "#1"},
				"down": {"uv": [14.5, 2, 13.75, 3.5], "texture": "#1"}
			}
		},
		{
			"from": [7, 7.29377, 0.46714],
			"to": [9, 8.29377, 2.46714],
			"rotation": {"angle": -22.5, "axis": "x", "origin": [7.69317, 5.5, 6.48568]},
			"faces": {
				"north": {"uv": [9.75, 0.5, 10.25, 0.75], "texture": "#1"},
				"east": {"uv": [9.25, 0.5, 9.75, 0.75], "texture": "#1"},
				"south": {"uv": [10.75, 0.5, 11.25, 0.75], "texture": "#1"},
				"west": {"uv": [10.25, 0.5, 10.75, 0.75], "texture": "#1"},
				"up": {"uv": [10.25, 0.5, 9.75, 0], "texture": "#1"},
				"down": {"uv": [10.75, 0, 10.25, 0.5], "texture": "#1"}
			}
		},
		{
			"from": [3.79321, 3.00952, 6],
			"to": [5.79321, 5.00952, 7],
			"rotation": {"angle": -22.5, "axis": "z", "origin": [7.69317, 5.5, 6.48568]},
			"faces": {
				"north": {"uv": [12.25, 2.25, 11.75, 2.75], "texture": "#1"},
				"east": {"uv": [12.5, 2.25, 12.25, 2.75], "texture": "#1"},
				"south": {"uv": [13, 2.25, 12.5, 2.75], "texture": "#1"},
				"west": {"uv": [11.75, 2.25, 11.5, 2.75], "texture": "#1"},
				"up": {"uv": [11.75, 2.25, 12.25, 2], "texture": "#1"},
				"down": {"uv": [12.25, 2, 12.75, 2.25], "texture": "#1"}
			}
		},
		{
			"from": [3.89321, 3.00952, 6],
			"to": [3.89321, 4.00952, 7],
			"rotation": {"angle": -22.5, "axis": "z", "origin": [7.69317, 5.5, 6.48568]},
			"faces": {
				"north": {"uv": [11.5, 2, 11.5, 2.25], "texture": "#1"},
				"east": {"uv": [11.75, 2, 11.5, 2.25], "texture": "#1"},
				"south": {"uv": [11.75, 2, 11.75, 2.25], "texture": "#1"},
				"west": {"uv": [11.5, 2, 11.25, 2.25], "texture": "#1"},
				"up": {"uv": [11.5, 2, 11.5, 1.75], "texture": "#1"},
				"down": {"uv": [11.5, 1.75, 11.5, 2], "texture": "#1"}
			}
		},
		{
			"from": [10.20679, 3.00952, 6],
			"to": [12.20679, 5.00952, 7],
			"rotation": {"angle": 22.5, "axis": "z", "origin": [8.30683, 5.5, 6.48568]},
			"faces": {
				"north": {"uv": [11.75, 2.25, 12.25, 2.75], "texture": "#1"},
				"east": {"uv": [11.5, 2.25, 11.75, 2.75], "texture": "#1"},
				"south": {"uv": [12.5, 2.25, 13, 2.75], "texture": "#1"},
				"west": {"uv": [12.25, 2.25, 12.5, 2.75], "texture": "#1"},
				"up": {"uv": [12.25, 2.25, 11.75, 2], "texture": "#1"},
				"down": {"uv": [12.75, 2, 12.25, 2.25], "texture": "#1"}
			}
		},
		{
			"from": [12.10679, 3.00952, 6],
			"to": [12.10679, 4.00952, 7],
			"rotation": {"angle": 22.5, "axis": "z", "origin": [8.30683, 5.5, 6.48568]},
			"faces": {
				"north": {"uv": [11.5, 2, 11.5, 2.25], "texture": "#1"},
				"east": {"uv": [11.25, 2, 11.5, 2.25], "texture": "#1"},
				"south": {"uv": [11.75, 2, 11.75, 2.25], "texture": "#1"},
				"west": {"uv": [11.5, 2, 11.75, 2.25], "texture": "#1"},
				"up": {"uv": [11.5, 2, 11.5, 1.75], "texture": "#1"},
				"down": {"uv": [11.5, 1.75, 11.5, 2], "texture": "#1"}
			}
		},
		{
			"from": [4, 2.29377, -0.53286],
			"to": [12, 7.29377, 2.46714],
			"rotation": {"angle": -22.5, "axis": "x", "origin": [7.69317, 5.5, 6.48568]},
			"faces": {
				"north": {"uv": [11.25, 0.75, 13.25, 2], "texture": "#1"},
				"east": {"uv": [10.5, 0.75, 11.25, 2], "texture": "#1"},
				"south": {"uv": [14, 0.75, 16, 2], "texture": "#1"},
				"west": {"uv": [13.25, 0.75, 14, 2], "texture": "#1"},
				"up": {"uv": [13.25, 0.75, 11.25, 0], "texture": "#1"},
				"down": {"uv": [15.25, 0, 13.25, 0.75], "texture": "#1"}
			}
		}
	],
	"groups": [
		{
			"name": "Walls",
			"origin": [0, 0, 0],
			"color": 0,
			"children": [0, 1, 2, 3, 4, 5]
		},
		{
			"name": "Interior",
			"origin": [7, 1, 4],
			"color": 0,
			"children": [
				6,
				7,
				8,
				9,
				10,
				11,
				{
					"name": "LeftHandle",
					"origin": [3.5, 4, 8],
					"color": 0,
					"children": [12, 13]
				},
				{
					"name": "LeftHandle",
					"origin": [3.5, 4, 8],
					"color": 0,
					"children": [14, 15]
				},
				16
			]
		}
	]
}