{
	"credit": "Made with Blockbench",
	"texture_size": [128, 128],
	"textures": {
		"0": "custom/zaku1",
		"particle": "custom/zaku1"
	},
	"elements": [
		{
			"from": [6.5, 0.25, 3.25],
			"to": [9.5, 5.25, 11.25],
			"rotation": {"angle": 0, "axis": "y", "origin": [0, 17.25, -1]},
			"faces": {
				"north": {"uv": [7.75, 4.875, 8.125, 5.5], "texture": "#0"},
				"east": {"uv": [6.75, 4.875, 7.75, 5.5], "texture": "#0"},
				"south": {"uv": [9.125, 4.875, 9.5, 5.5], "texture": "#0"},
				"west": {"uv": [8.125, 4.875, 9.125, 5.5], "texture": "#0"},
				"up": {"uv": [8.125, 4.875, 7.75, 3.875], "texture": "#0"},
				"down": {"uv": [8.5, 3.875, 8.125, 4.875], "texture": "#0"}
			}
		},
		{
			"from": [4.5, 5, 4.75],
			"to": [11.5, 8, 9.75],
			"rotation": {"angle": 0, "axis": "y", "origin": [0, 19, 0]},
			"faces": {
				"north": {"uv": [4.75, 6.125, 5.625, 6.5], "texture": "#0"},
				"east": {"uv": [4.125, 6.125, 4.75, 6.5], "texture": "#0"},
				"south": {"uv": [6.25, 6.125, 7.125, 6.5], "texture": "#0"},
				"west": {"uv": [5.625, 6.125, 6.25, 6.5], "texture": "#0"},
				"up": {"uv": [5.625, 6.125, 4.75, 5.5], "texture": "#0"},
				"down": {"uv": [6.5, 5.5, 5.625, 6.125], "texture": "#0"}
			}
		},
		{
			"from": [5, 8, 4.25],
			"to": [11, 14, 12.25],
			"rotation": {"angle": 0, "axis": "y", "origin": [0, 19, 0]},
			"faces": {
				"north": {"uv": [3.25, 4.5, 4, 5.25], "texture": "#0"},
				"east": {"uv": [2.25, 4.5, 3.25, 5.25], "texture": "#0"},
				"south": {"uv": [5, 4.5, 5.75, 5.25], "texture": "#0"},
				"west": {"uv": [4, 4.5, 5, 5.25], "texture": "#0"},
				"up": {"uv": [4, 4.5, 3.25, 3.5], "texture": "#0"},
				"down": {"uv": [4.75, 3.5, 4, 4.5], "texture": "#0"}
			}
		},
		{
			"from": [11, 7.5, 3.75],
			"to": [13, 14.5, 10.75],
			"rotation": {"angle": 0, "axis": "y", "origin": [0, 19, 0]},
			"faces": {
				"north": {"uv": [0.875, 4.125, 1.125, 5], "texture": "#0"},
				"east": {"uv": [0, 4.125, 0.875, 5], "texture": "#0"},
				"south": {"uv": [2, 4.125, 2.25, 5], "texture": "#0"},
				"west": {"uv": [1.125, 4.125, 2, 5], "texture": "#0"},
				"up": {"uv": [1.125, 4.125, 0.875, 3.25], "texture": "#0"},
				"down": {"uv": [1.375, 3.25, 1.125, 4.125], "texture": "#0"}
			}
		},
		{
			"from": [13, 11, 6.25],
			"to": [15, 13, 8.25],
			"rotation": {"angle": 0, "axis": "y", "origin": [0, 17, 0]},
			"faces": {
				"north": {"uv": [3.75, 2.75, 4, 3], "texture": "#0"},
				"east": {"uv": [3.5, 2.75, 3.75, 3], "texture": "#0"},
				"south": {"uv": [4.25, 2.75, 4.5, 3], "texture": "#0"},
				"west": {"uv": [4, 2.75, 4.25, 3], "texture": "#0"},
				"up": {"uv": [4, 2.75, 3.75, 2.5], "texture": "#0"},
				"down": {"uv": [4.25, 2.5, 4, 2.75], "texture": "#0"}
			}
		},
		{
			"from": [3, 7.5, 3.75],
			"to": [5, 14.5, 10.75],
			"rotation": {"angle": 0, "axis": "y", "origin": [0, 19, 0]},
			"faces": {
				"north": {"uv": [1.125, 5.875, 0.875, 6.75], "texture": "#0"},
				"east": {"uv": [2, 5.875, 1.125, 6.75], "texture": "#0"},
				"south": {"uv": [2.25, 5.875, 2, 6.75], "texture": "#0"},
				"west": {"uv": [0.875, 5.875, 0, 6.75], "texture": "#0"},
				"up": {"uv": [0.875, 5.875, 1.125, 5], "texture": "#0"},
				"down": {"uv": [1.125, 5, 1.375, 5.875], "texture": "#0"}
			}
		},
		{
			"from": [1, 11, 6.25],
			"to": [3, 13, 8.25],
			"rotation": {"angle": 0, "axis": "y", "origin": [0, 17, 0]},
			"faces": {
				"north": {"uv": [4, 2.75, 3.75, 3], "texture": "#0"},
				"east": {"uv": [4.25, 2.75, 4, 3], "texture": "#0"},
				"south": {"uv": [4.5, 2.75, 4.25, 3], "texture": "#0"},
				"west": {"uv": [3.75, 2.75, 3.5, 3], "texture": "#0"},
				"up": {"uv": [3.75, 2.75, 4, 2.5], "texture": "#0"},
				"down": {"uv": [4, 2.5, 4.25, 2.75], "texture": "#0"}
			}
		},
		{
			"from": [3.5, 6, 4],
			"to": [12.5, 12, 12],
			"rotation": {"angle": 0, "axis": "y", "origin": [0, 17, 0]},
			"faces": {
				"north": {"uv": [1, 7.75, 2.125, 8.5], "texture": "#0"},
				"east": {"uv": [0, 7.75, 1, 8.5], "texture": "#0"},
				"south": {"uv": [3.125, 7.75, 4.25, 8.5], "texture": "#0"},
				"west": {"uv": [2.125, 7.75, 3.125, 8.5], "texture": "#0"},
				"up": {"uv": [2.125, 7.75, 1, 6.75], "texture": "#0"},
				"down": {"uv": [3.25, 6.75, 2.125, 7.75], "texture": "#0"}
			}
		}
	],
	"groups": [
		{
			"name": "Torso",
			"origin": [0, 17, 0],
			"color": 0,
			"children": [0, 1, 2, 3, 4, 5, 6, 7]
		}
	]
}