{
	"credit": "Made with Blockbench",
	"texture_size": [128, 128],
	"textures": {
		"0": "custom/zaku1",
		"particle": "custom/zaku1"
	},
	"elements": [
		{
			"from": [5, 9, 5],
			"to": [11, 14, 11],
			"rotation": {"angle": 0, "axis": "x", "origin": [8, 9, 8]},
			"faces": {
				"north": {"uv": [8, 0.75, 8.75, 1.375], "texture": "#0"},
				"east": {"uv": [7.25, 0.75, 8, 1.375], "texture": "#0"},
				"south": {"uv": [9.5, 0.75, 10.25, 1.375], "texture": "#0"},
				"west": {"uv": [8.75, 0.75, 9.5, 1.375], "texture": "#0"},
				"up": {"uv": [8.75, 0.75, 8, 0], "texture": "#0"},
				"down": {"uv": [9.5, 0, 8.75, 0.75], "texture": "#0"}
			}
		},
		{
			"from": [5.5, 9.5, 5.5],
			"to": [10.5, 12.5, 8.5],
			"rotation": {"angle": 0, "axis": "x", "origin": [8, 9, 8]},
			"faces": {
				"north": {"uv": [8.75, 2.125, 9.375, 2.5], "texture": "#0"},
				"east": {"uv": [8.375, 2.125, 8.75, 2.5], "texture": "#0"},
				"south": {"uv": [9.75, 2.125, 10.375, 2.5], "texture": "#0"},
				"west": {"uv": [9.375, 2.125, 9.75, 2.5], "texture": "#0"},
				"up": {"uv": [9.375, 2.125, 8.75, 1.75], "texture": "#0"},
				"down": {"uv": [10, 1.75, 9.375, 2.125], "texture": "#0"}
			}
		},
		{
			"from": [7, 10.07193, 3.61104],
			"to": [9, 11.07193, 5.61104],
			"rotation": {"angle": -22.5, "axis": "x", "origin": [8, 9, 8]},
			"faces": {
				"north": {"uv": [9.75, 0.25, 10, 0.375], "texture": "#0"},
				"east": {"uv": [9.5, 0.25, 9.75, 0.375], "texture": "#0"},
				"south": {"uv": [10.25, 0.25, 10.5, 0.375], "texture": "#0"},
				"west": {"uv": [10, 0.25, 10.25, 0.375], "texture": "#0"},
				"up": {"uv": [10, 0.25, 9.75, 0], "texture": "#0"},
				"down": {"uv": [10.25, 0, 10, 0.25], "texture": "#0"}
			}
		},
		{
			"from": [4.5, 10.3029, 4.70672],
			"to": [11.5, 11.3029, 12.70672],
			"rotation": {"angle": -22.5, "axis": "x", "origin": [8, 9, 8]},
			"faces": {
				"north": {"uv": [10.25, 1.375, 11.125, 1.5], "texture": "#0"},
				"east": {"uv": [9.25, 1.375, 10.25, 1.5], "texture": "#0"},
				"south": {"uv": [12.125, 1.375, 13, 1.5], "texture": "#0"},
				"west": {"uv": [11.125, 1.375, 12.125, 1.5], "texture": "#0"},
				"up": {"uv": [11.125, 1.375, 10.25, 0.375], "texture": "#0"},
				"down": {"uv": [12, 0.375, 11.125, 1.375], "texture": "#0"}
			}
		},
		{
			"from": [5, 12, 5],
			"to": [11, 10, 8],
			"faces": {
				"east": {"uv": [13.125, 0.375, 13.5, 0.125], "texture": "#0"},
				"south": {"uv": [12.375, 0.625, 13.125, 0.375], "texture": "#0"},
				"west": {"uv": [12, 0.375, 12.375, 0.125], "texture": "#0"},
				"up": {"uv": [13.125, 0.375, 12.375, 0], "texture": "#0"},
				"down": {"uv": [13.125, 0.625, 12.375, 1], "texture": "#0"}
			}
		}
	],
	"groups": [
		{
			"name": "Head",
			"origin": [0, 28.5, 0],
			"color": 0,
			"children": [0, 1, 2, 3, 4]
		}
	]
}