{
	"credit": "Made with Blockbench",
	"texture_size": [128, 128],
	"textures": {
		"0": "custom/zaku1",
		"particle": "custom/zaku1"
	},
	"elements": [
		{
			"from": [8.5, 10, 5],
			"to": [12.5, 11, 11],
			"rotation": {"angle": 0, "axis": "y", "origin": [9.5, 8, 8]},
			"faces": {
				"north": {"uv": [3, 6, 3.5, 6.125], "texture": "#0"},
				"east": {"uv": [2.25, 6, 3, 6.125], "texture": "#0"},
				"south": {"uv": [4.25, 6, 4.75, 6.125], "texture": "#0"},
				"west": {"uv": [3.5, 6, 4.25, 6.125], "texture": "#0"},
				"up": {"uv": [3.5, 6, 3, 5.25], "texture": "#0"},
				"down": {"uv": [4, 5.25, 3.5, 6], "texture": "#0"}
			}
		},
		{
			"from": [11.5, -1, 5],
			"to": [12.5, 10, 11],
			"rotation": {"angle": 0, "axis": "y", "origin": [9.5, 8, 8]},
			"faces": {
				"north": {"uv": [7, 2.125, 7.125, 3.5], "texture": "#0"},
				"east": {"uv": [6.25, 2.125, 7, 3.5], "texture": "#0"},
				"south": {"uv": [7.875, 2.125, 8, 3.5], "texture": "#0"},
				"west": {"uv": [7.125, 2.125, 7.875, 3.5], "texture": "#0"},
				"up": {"uv": [7.125, 2.125, 7, 1.375], "texture": "#0"},
				"down": {"uv": [7.25, 1.375, 7.125, 2.125], "texture": "#0"}
			}
		},
		{
			"from": [8.5, 7, 7],
			"to": [11.5, 10, 9],
			"rotation": {"angle": 0, "axis": "y", "origin": [9.5, 8, 8]},
			"faces": {
				"north": {"uv": [5.5, 1.625, 5.875, 2], "texture": "#0"},
				"east": {"uv": [5.25, 1.625, 5.5, 2], "texture": "#0"},
				"south": {"uv": [6.125, 1.625, 6.5, 2], "texture": "#0"},
				"west": {"uv": [5.875, 1.625, 6.125, 2], "texture": "#0"},
				"up": {"uv": [5.875, 1.625, 5.5, 1.375], "texture": "#0"},
				"down": {"uv": [6.25, 1.375, 5.875, 1.625], "texture": "#0"}
			}
		},
		{
			"from": [7.5, 4, 6.5],
			"to": [10.5, 9, 9.5],
			"rotation": {"angle": 0, "axis": "y", "origin": [9, 7.5, 8]},
			"faces": {
				"north": {"uv": [5.25, 2.875, 4.875, 3.5], "texture": "#0"},
				"east": {"uv": [5.625, 2.875, 5.25, 3.5], "texture": "#0"},
				"south": {"uv": [6, 2.875, 5.625, 3.5], "texture": "#0"},
				"west": {"uv": [4.875, 2.875, 4.5, 3.5], "texture": "#0"},
				"up": {"uv": [4.875, 2.875, 5.25, 2.5], "texture": "#0"},
				"down": {"uv": [5.25, 2.5, 5.625, 2.875], "texture": "#0"}
			}
		},
		{
			"from": [7.5, 1.3033, 5.01041],
			"to": [10.5, 4.3033, 8.01041],
			"rotation": {"angle": 45, "axis": "x", "origin": [17, 3, 0]},
			"faces": {
				"north": {"uv": [7.25, 0.375, 6.875, 0.75], "texture": "#0"},
				"east": {"uv": [7.625, 0.375, 7.25, 0.75], "texture": "#0"},
				"south": {"uv": [8, 0.375, 7.625, 0.75], "texture": "#0"},
				"west": {"uv": [6.875, 0.375, 6.5, 0.75], "texture": "#0"},
				"up": {"uv": [6.875, 0.375, 7.25, 0], "texture": "#0"},
				"down": {"uv": [7.25, 0, 7.625, 0.375], "texture": "#0"}
			}
		},
		{
			"from": [7, 3.8033, 4.51041],
			"to": [11, 9.8033, 8.51041],
			"rotation": {"angle": 45, "axis": "x", "origin": [17, 3, 0]},
			"faces": {
				"north": {"uv": [6.75, 4.125, 6.25, 4.875], "texture": "#0"},
				"east": {"uv": [7.25, 4.125, 6.75, 4.875], "texture": "#0"},
				"south": {"uv": [7.75, 4.125, 7.25, 4.875], "texture": "#0"},
				"west": {"uv": [6.25, 4.125, 5.75, 4.875], "texture": "#0"},
				"up": {"uv": [6.25, 4.125, 6.75, 3.625], "texture": "#0"},
				"down": {"uv": [6.75, 3.625, 7.25, 4.125], "texture": "#0"}
			}
		},
		{
			"from": [8, 3, 6.5],
			"to": [10, 4, 9.5],
			"rotation": {"angle": 0, "axis": "y", "origin": [9, 7.5, 8]},
			"faces": {
				"north": {"uv": [2, 3.875, 1.75, 4], "texture": "#0"},
				"east": {"uv": [2.375, 3.875, 2, 4], "texture": "#0"},
				"south": {"uv": [2.625, 3.875, 2.375, 4], "texture": "#0"},
				"west": {"uv": [1.75, 3.875, 1.375, 4], "texture": "#0"},
				"up": {"uv": [1.75, 3.875, 2, 3.5], "texture": "#0"},
				"down": {"uv": [2, 3.5, 2.25, 3.875], "texture": "#0"}
			}
		}
	],
	"groups": [
		{
			"name": "LeftArm",
			"origin": [-1, 8, 0],
			"color": 0,
			"children": [
				{
					"name": "RightShoulderPad",
					"origin": [1, 8, 0],
					"color": 0,
					"children": [0, 1, 2]
				},
				3,
				{
					"name": "LeftForearm",
					"origin": [-1, 3, 0],
					"rotation": [45, 0, 0],
					"color": 0,
					"children": [4, 5]
				},
				6
			]
		}
	]
}