{
	"credit": "Made with Blockbench",
	"texture_size": [128, 128],
	"textures": {
		"0": "custom/zaku1",
		"particle": "custom/zaku1"
	},
	"elements": [
		{
			"from": [6, -8.75, 4],
			"to": [11, -6.75, 10],
			"rotation": {"angle": 0, "axis": "x", "origin": [8.25, 8, 8.36627]},
			"faces": {
				"north": {"uv": [2.25, 3.25, 2.875, 3.5], "texture": "#0"},
				"east": {"uv": [1.5, 3.25, 2.25, 3.5], "texture": "#0"},
				"south": {"uv": [3.625, 3.25, 4.25, 3.5], "texture": "#0"},
				"west": {"uv": [2.875, 3.25, 3.625, 3.5], "texture": "#0"},
				"up": {"uv": [2.875, 3.25, 2.25, 2.5], "texture": "#0"},
				"down": {"uv": [3.5, 2.5, 2.875, 3.25], "texture": "#0"}
			}
		},
		{
			"from": [7, -4.95632, -1.31222],
			"to": [10, -1.95632, 0.68778],
			"rotation": {"angle": -22.5, "axis": "x", "origin": [8.25, 8, 8.36627]},
			"faces": {
				"north": {"uv": [3.375, 0.5, 3.75, 0.875], "texture": "#0"},
				"east": {"uv": [3.125, 0.5, 3.375, 0.875], "texture": "#0"},
				"south": {"uv": [4, 0.5, 4.375, 0.875], "texture": "#0"},
				"west": {"uv": [3.75, 0.5, 4, 0.875], "texture": "#0"},
				"up": {"uv": [3.75, 0.5, 3.375, 0.25], "texture": "#0"},
				"down": {"uv": [4.125, 0.25, 3.75, 0.5], "texture": "#0"}
			}
		},
		{
			"from": [7.5, -0.06319, 1.25238],
			"to": [9.5, 3.93681, 4.25238],
			"rotation": {"angle": -22.5, "axis": "x", "origin": [8.25, 8, 8.36627]},
			"faces": {
				"north": {"uv": [2.25, 0.375, 2.5, 0.875], "texture": "#0"},
				"east": {"uv": [1.875, 0.375, 2.25, 0.875], "texture": "#0"},
				"south": {"uv": [2.875, 0.375, 3.125, 0.875], "texture": "#0"},
				"west": {"uv": [2.5, 0.375, 2.875, 0.875], "texture": "#0"},
				"up": {"uv": [2.5, 0.375, 2.25, 0], "texture": "#0"},
				"down": {"uv": [2.75, 0, 2.5, 0.375], "texture": "#0"}
			}
		},
		{
			"from": [5.5, -6.75, 5],
			"to": [11.5, 0.25, 11],
			"rotation": {"angle": 0, "axis": "x", "origin": [8.25, 8, 8.36627]},
			"faces": {
				"north": {"uv": [3, 1.625, 3.75, 2.5], "texture": "#0"},
				"east": {"uv": [2.25, 1.625, 3, 2.5], "texture": "#0"},
				"south": {"uv": [4.5, 1.625, 5.25, 2.5], "texture": "#0"},
				"west": {"uv": [3.75, 1.625, 4.5, 2.5], "texture": "#0"},
				"up": {"uv": [3.75, 1.625, 3, 0.875], "texture": "#0"},
				"down": {"uv": [4.5, 0.875, 3.75, 1.625], "texture": "#0"}
			}
		},
		{
			"from": [6.5, 0.25, 5.5],
			"to": [10.5, 9.25, 10.5],
			"rotation": {"angle": 0, "axis": "x", "origin": [8.25, 8, 8.36627]},
			"faces": {
				"north": {"uv": [0.625, 2.125, 1.125, 3.25], "texture": "#0"},
				"east": {"uv": [0, 2.125, 0.625, 3.25], "texture": "#0"},
				"south": {"uv": [1.75, 2.125, 2.25, 3.25], "texture": "#0"},
				"west": {"uv": [1.125, 2.125, 1.75, 3.25], "texture": "#0"},
				"up": {"uv": [1.125, 2.125, 0.625, 1.5], "texture": "#0"},
				"down": {"uv": [1.625, 1.5, 1.125, 2.125], "texture": "#0"}
			}
		},
		{
			"from": [10.5, -2.75, 8],
			"to": [13.5, 4.25, 8],
			"rotation": {"angle": 0, "axis": "x", "origin": [8.25, 8, 8.36627]},
			"faces": {
				"north": {"uv": [0, 0, 0.375, 0.875], "texture": "#0"},
				"east": {"uv": [0, 0, 0, 0], "texture": "#0"},
				"south": {"uv": [0.375, 0, 0, 0.875], "texture": "#0"},
				"west": {"uv": [0, 0, 0, 0], "texture": "#0"},
				"up": {"uv": [0, 0, 0, 0], "texture": "#0"},
				"down": {"uv": [0, 0, 0, 0], "texture": "#0"}
			}
		},
		{
			"from": [7, 5.25, 4.5],
			"to": [11, 10.25, 11.5],
			"rotation": {"angle": 0, "axis": "x", "origin": [8.25, 8, 8.36627]},
			"faces": {
				"north": {"uv": [0.875, 0.875, 1.375, 1.5], "texture": "#0"},
				"east": {"uv": [0, 0.875, 0.875, 1.5], "texture": "#0"},
				"south": {"uv": [2.25, 0.875, 2.75, 1.5], "texture": "#0"},
				"west": {"uv": [1.375, 0.875, 2.25, 1.5], "texture": "#0"},
				"up": {"uv": [1.375, 0.875, 0.875, 0], "texture": "#0"},
				"down": {"uv": [1.875, 0, 1.375, 0.875], "texture": "#0"}
			}
		}
	],
	"groups": [
		{
			"name": "LeftLeg",
			"origin": [0, -2, 0],
			"color": 0,
			"children": [0, 1, 2, 3, 4, 5, 6]
		}
	]
}