{
	"credit": "Made with Blockbench",
	"texture_size": [32, 32],
	"textures": {
		"1": "custom/zakugun1"
	},
	"elements": [
		{
			"from": [7.95, -0.25, 1.5],
			"to": [8.95, 1.75, 5.5],
			"rotation": {"angle": 45, "axis": "x", "origin": [7.2, -1.6147, 0.75]},
			"faces": {
				"north": {"uv": [4, 7.5, 4.5, 8.5], "texture": "#1"},
				"east": {"uv": [2, 7.5, 4, 8.5], "texture": "#1"},
				"south": {"uv": [6.5, 7.5, 7, 8.5], "texture": "#1"},
				"west": {"uv": [4.5, 7.5, 6.5, 8.5], "texture": "#1"},
				"up": {"uv": [4.5, 7.5, 4, 5.5], "texture": "#1"},
				"down": {"uv": [5, 5.5, 4.5, 7.5], "texture": "#1"}
			}
		},
		{
			"from": [8.45, -7.25, 1.5],
			"to": [8.45, 0.75, 5.5],
			"rotation": {"angle": 45, "axis": "x", "origin": [7.2, -1.6147, 0.75]},
			"faces": {
				"east": {"uv": [2, 2, 0, 6], "texture": "#1"},
				"west": {"uv": [0, 2, 2, 6], "texture": "#1"}
			}
		},
		{
			"from": [7.45, -7.25, -0.5],
			"to": [9.45, 1.75, 1.5],
			"rotation": {"angle": 45, "axis": "x", "origin": [7.2, -1.6147, 0.75]},
			"faces": {
				"north": {"uv": [5, 1, 6, 5.5], "texture": "#1"},
				"east": {"uv": [4, 1, 5, 5.5], "texture": "#1"},
				"south": {"uv": [7, 1, 8, 5.5], "texture": "#1"},
				"west": {"uv": [6, 1, 7, 5.5], "texture": "#1"},
				"up": {"uv": [6, 1, 5, 0], "texture": "#1"},
				"down": {"uv": [7, 0, 6, 1], "texture": "#1"}
			}
		},
		{
			"from": [6.45, -3.25, -1.5],
			"to": [10.45, 0.75, -0.5],
			"rotation": {"angle": 45, "axis": "x", "origin": [7.2, -1.6147, 0.75]},
			"faces": {
				"north": {"uv": [7.5, 6, 9.5, 8], "texture": "#1"},
				"east": {"uv": [7, 6, 7.5, 8], "texture": "#1"},
				"south": {"uv": [10, 6, 12, 8], "texture": "#1"},
				"west": {"uv": [9.5, 6, 10, 8], "texture": "#1"},
				"up": {"uv": [9.5, 6, 7.5, 5.5], "texture": "#1"},
				"down": {"uv": [11.5, 5.5, 9.5, 6], "texture": "#1"}
			}
		},
		{
			"from": [5.45, -4.25, -2.5],
			"to": [6.45, -2.25, -1.5],
			"rotation": {"angle": 45, "axis": "x", "origin": [7.2, -1.6147, 0.75]},
			"faces": {
				"north": {"uv": [0.5, 0.5, 1, 1.5], "texture": "#1"},
				"east": {"uv": [0, 0.5, 0.5, 1.5], "texture": "#1"},
				"south": {"uv": [1.5, 0.5, 2, 1.5], "texture": "#1"},
				"west": {"uv": [1, 0.5, 1.5, 1.5], "texture": "#1"},
				"up": {"uv": [1, 0.5, 0.5, 0], "texture": "#1"},
				"down": {"uv": [1.5, 0, 1, 0.5], "texture": "#1"}
			}
		},
		{
			"from": [6.45, -3.75, -1.5],
			"to": [7.45, -3.75, -0.5],
			"rotation": {"angle": 45, "axis": "x", "origin": [7.2, -1.6147, 0.75]},
			"faces": {
				"up": {"uv": [0.5, 0.5, 0, 0], "texture": "#1"},
				"down": {"uv": [0.5, 0, 0, 0.5], "texture": "#1"}
			}
		},
		{
			"from": [7.95, -11.25, 0],
			"to": [8.95, -7.25, 1],
			"rotation": {"angle": 45, "axis": "x", "origin": [7.2, -1.6147, 0.75]},
			"faces": {
				"north": {"uv": [8.5, 0.5, 9, 2.5], "texture": "#1"},
				"east": {"uv": [8, 0.5, 8.5, 2.5], "texture": "#1"},
				"south": {"uv": [9.5, 0.5, 10, 2.5], "texture": "#1"},
				"west": {"uv": [9, 0.5, 9.5, 2.5], "texture": "#1"},
				"up": {"uv": [9, 0.5, 8.5, 0], "texture": "#1"},
				"down": {"uv": [9.5, 0, 9, 0.5], "texture": "#1"}
			}
		},
		{
			"from": [7.95, 1.75, -0.5],
			"to": [8.95, 5.75, 1.5],
			"rotation": {"angle": 45, "axis": "x", "origin": [7.2, -1.6147, 0.75]},
			"faces": {
				"north": {"uv": [1, 8.5, 1.5, 10.5], "texture": "#1"},
				"east": {"uv": [0, 8.5, 1, 10.5], "texture": "#1"},
				"south": {"uv": [2.5, 8.5, 3, 10.5], "texture": "#1"},
				"west": {"uv": [1.5, 8.5, 2.5, 10.5], "texture": "#1"},
				"up": {"uv": [1.5, 8.5, 1, 7.5], "texture": "#1"},
				"down": {"uv": [2, 7.5, 1.5, 8.5], "texture": "#1"}
			}
		},
		{
			"from": [7.45, -0.1415, 7.07574],
			"to": [9.45, 3.8585, 8.07574],
			"rotation": {"angle": -22.5, "axis": "x", "origin": [7.2, -1.6147, 0.75]},
			"faces": {
				"north": {"uv": [14, 0, 13, 2], "rotation": 180, "texture": "#1"},
				"east": {"uv": [10, 2, 12, 2.5], "rotation": 270, "texture": "#1"},
				"south": {"uv": [13, 2, 12, 0], "texture": "#1"},
				"west": {"uv": [13, 2, 15, 2.5], "rotation": 90, "texture": "#1"},
				"up": {"uv": [12, 2, 13, 2.5], "rotation": 180, "texture": "#1"},
				"down": {"uv": [15, 2, 16, 2.5], "texture": "#1"}
			}
		}
	],
	"groups": [
		{
			"name": "Gun",
			"origin": [7, 14, -0.5],
			"color": 0,
			"children": [0, 1, 2, 3, 4, 5, 6, 7, 8]
		}
	]
}